{
  "image": "c:\\Users\\obs\\OneDrive\\ETH\\ETH_MTEC\\Synthetic Biology 1\\Project iGEM\\SynBioiGEM\\Disk Diffusion Plate.tiff",
  "A_re": 28.595706861209006,
  "A_im": 0.07143998956918975,
  "B_re": 179.50033597332776,
  "B_im": 859.3151142026541,
  "H": 3779,
  "rms_px": 9.565619189293866,
  "scale_px_per_mm": 28.595796099502202,
  "disks_mm": [
    [
      50.9,
      66.6
    ],
    [
      23.8,
      40.6
    ],
    [
      61.8,
      30.7
    ]
  ],
  "clicks_px": [
    [
      1625.6455266955265,
      1002.8708513708507
    ],
    [
      866.5736652236653,
      1757.5802308802304
    ],
    [
      1939.7442279942281,
      2045.5040404040396
    ]
  ]
}